{
    "f0_mean": 1605016127.3760047,
    "sigma_f0": 121138063.8264802,
    "Q_mean": 2.016623161492997,
    "sigma_Q": 0.25039677841717134
}